order,subj,sec,st_year,st_max,ex_dur,teacher_str,building,room,note,ex_date,code4,ex_time,st_num,ex_dt,teachers
 1, 01006002 ENGINEERING MATHEMATICS 2, 12, 1, 56,09:30:00 - 12:30:00,อ.สยาม สงวนรัมย์, เครื่องกล, ME-303, 45/56,2026-03-16, 010,09,45,2026-03-16 09,สยาม สงวนรัมย์
 1, 01006002 ENGINEERING MATHEMATICS 2, 12, 1, 56,09:30:00 - 12:30:00,อ.สยาม สงวนรัมย์, เครื่องกล, ME-310, 11/56,2026-03-16, 010,09,11,2026-03-16 09,สยาม สงวนรัมย์
 1, 01006002 ENGINEERING MATHEMATICS 2, 13, 1, 50,09:30:00 - 12:30:00,อ.สยาม สงวนรัมย์, เครื่องกล, ME-210, 35/50,2026-03-16, 010,09,35,2026-03-16 09,สยาม สงวนรัมย์
 1, 01006002 ENGINEERING MATHEMATICS 2, 13, 1, 50,09:30:00 - 12:30:00,อ.สยาม สงวนรัมย์, เครื่องกล, ME-212, 15/50,2026-03-16, 010,09,15,2026-03-16 09,สยาม สงวนรัมย์
 2, 01006030 CALCULUS 1, 41, 1, 63,09:30:00 - 12:30:00,"ดร.สุริภณ สมควรพาณิชย์,รศ. ดร.สุธิชัย ชัยสิทธิ์ศักดิ์,รศ. ดร.ถาวร เบญจนราสุทธิ์,ผศ. ดร.ใจปอง เกษมสุวรรณ์,ผศ. ดร.จินดา ไชยช่วย,ดร.สิริพร แฮนน่า วินเทอร์,ผศ. ดร.ธวัชชัย คำประภัสสร,ผศ. ดร.ศุกระวรรณ มะเวชะ,รศ. ดร.นภศูล วงษ์วานิช,รศ. ดร.ภัทรานิษฐ์ วงศ์พร้อมรัต", เครื่องกล, ME-408, 45/65,2026-03-16, 010,09,45,2026-03-16 09,สุริภณ สมควรพาณิชย์;สุธิชัย ชัยสิทธิ์ศักดิ์;ถาวร เบญจนราสุทธิ์;ใจปอง เกษมสุวรรณ์;จินดา ไชยช่วย;สิริพร แฮนน่า วินเทอร์;ธวัชชัย คำประภัสสร;ศุกระวรรณ มะเวชะ;นภศูล วงษ์วานิช;ภัทรานิษฐ์ วงศ์พร้อมรัต
 2, 01006030 CALCULUS 1, 41, 1, 63,09:30:00 - 12:30:00,"ดร.สุริภณ สมควรพาณิชย์,รศ. ดร.สุธิชัย ชัยสิทธิ์ศักดิ์,รศ. ดร.ถาวร เบญจนราสุทธิ์,ผศ. ดร.ใจปอง เกษมสุวรรณ์,ผศ. ดร.จินดา ไชยช่วย,ดร.สิริพร แฮนน่า วินเทอร์,ผศ. ดร.ธวัชชัย คำประภัสสร,ผศ. ดร.ศุกระวรรณ มะเวชะ,รศ. ดร.นภศูล วงษ์วานิช,รศ. ดร.ภัทรานิษฐ์ วงศ์พร้อมรัต", เครื่องกล, ME-410, 20/65,2026-03-16, 010,09,20,2026-03-16 09,สุริภณ สมควรพาณิชย์;สุธิชัย ชัยสิทธิ์ศักดิ์;ถาวร เบญจนราสุทธิ์;ใจปอง เกษมสุวรรณ์;จินดา ไชยช่วย;สิริพร แฮนน่า วินเทอร์;ธวัชชัย คำประภัสสร;ศุกระวรรณ มะเวชะ;นภศูล วงษ์วานิช;ภัทรานิษฐ์ วงศ์พร้อมรัต
 3, 01006031 CALCULUS 2, 7, 1, 63,09:30:00 - 12:30:00,รศ. ดร.นภศูล วงษ์วานิช, เครื่องกล, ME-212, 35/64,2026-03-16, 010,09,35,2026-03-16 09,นภศูล วงษ์วานิช
 3, 01006031 CALCULUS 2, 7, 1, 63,09:30:00 - 12:30:00,รศ. ดร.นภศูล วงษ์วานิช, เครื่องกล, ME-214, 29/64,2026-03-16, 010,09,29,2026-03-16 09,นภศูล วงษ์วานิช
 3, 01006031 CALCULUS 2, 8, 1, 44,09:30:00 - 12:30:00,รศ. ดร.ถาวร เบญจนราสุทธิ์, อาคาร 12 ชั้น, E12-401, 28/45,2026-03-16, 010,09,28,2026-03-16 09,ถาวร เบญจนราสุทธิ์
 3, 01006031 CALCULUS 2, 8, 1, 44,09:30:00 - 12:30:00,รศ. ดร.ถาวร เบญจนราสุทธิ์, อาคาร 12 ชั้น, E12-402, 17/45,2026-03-16, 010,09,17,2026-03-16 09,ถาวร เบญจนราสุทธิ์
 3, 01006031 CALCULUS 2, 9, 1, 46,09:30:00 - 12:30:00,"ดร.สุริภณ สมควรพาณิชย์,ผศ. ดร.วีระ เพ็งจันทร์", อาคาร 12 ชั้น, E12-403, 28/46,2026-03-16, 010,09,28,2026-03-16 09,สุริภณ สมควรพาณิชย์;วีระ เพ็งจันทร์
 3, 01006031 CALCULUS 2, 9, 1, 46,09:30:00 - 12:30:00,"ดร.สุริภณ สมควรพาณิชย์,ผศ. ดร.วีระ เพ็งจันทร์", อาคาร 12 ชั้น, E12-404, 18/46,2026-03-16, 010,09,18,2026-03-16 09,สุริภณ สมควรพาณิชย์;วีระ เพ็งจันทร์
 3, 01006031 CALCULUS 2, 10, 1, 45,09:30:00 - 12:30:00,"ดร.สุริภณ สมควรพาณิชย์,ผศ. ดร.วีระ เพ็งจันทร์", อาคาร 12 ชั้น, E12-405, 28/45,2026-03-16, 010,09,28,2026-03-16 09,สุริภณ สมควรพาณิชย์;วีระ เพ็งจันทร์
 3, 01006031 CALCULUS 2, 10, 1, 45,09:30:00 - 12:30:00,"ดร.สุริภณ สมควรพาณิชย์,ผศ. ดร.วีระ เพ็งจันทร์", อาคาร 12 ชั้น, E12-406, 17/45,2026-03-16, 010,09,17,2026-03-16 09,สุริภณ สมควรพาณิชย์;วีระ เพ็งจันทร์
 3, 01006031 CALCULUS 2, 11, 1, 48,09:30:00 - 12:30:00,"ดร.สุริภณ สมควรพาณิชย์,ผศ. ดร.วีระ เพ็งจันทร์", อาคาร 12 ชั้น, E12-407, 28/48,2026-03-16, 010,09,28,2026-03-16 09,สุริภณ สมควรพาณิชย์;วีระ เพ็งจันทร์
 3, 01006031 CALCULUS 2, 11, 1, 48,09:30:00 - 12:30:00,"ดร.สุริภณ สมควรพาณิชย์,ผศ. ดร.วีระ เพ็งจันทร์", อาคาร 12 ชั้น, E12-501, 20/48,2026-03-16, 010,09,20,2026-03-16 09,สุริภณ สมควรพาณิชย์;วีระ เพ็งจันทร์
 3, 01006031 CALCULUS 2, 14, 1, 41,09:30:00 - 12:30:00,ผศ. ดร.ธวัชชัย คำประภัสสร, อาคาร 12 ชั้น, E12-502, 28/43,2026-03-16, 010,09,28,2026-03-16 09,ธวัชชัย คำประภัสสร
 3, 01006031 CALCULUS 2, 14, 1, 41,09:30:00 - 12:30:00,ผศ. ดร.ธวัชชัย คำประภัสสร, อาคาร 12 ชั้น, E12-503, 15/43,2026-03-16, 010,09,15,2026-03-16 09,ธวัชชัย คำประภัสสร
 3, 01006031 CALCULUS 2, 21, 1, 37,09:30:00 - 12:30:00,ผศ. ดร.ณัฐพร ชื่นเจริญ, อาคาร 12 ชั้น, E12-505, 38/38,2026-03-16, 010,09,38,2026-03-16 09,ณัฐพร ชื่นเจริญ
 3, 01006031 CALCULUS 2, 22, 1, 35,09:30:00 - 12:30:00,ผศ. ดร.ใจปอง เกษมสุวรรณ์, อาคาร 12 ชั้น, E12-506, 35/35,2026-03-16, 010,09,35,2026-03-16 09,ใจปอง เกษมสุวรรณ์
 3, 01006031 CALCULUS 2, 23, 1, 31,09:30:00 - 12:30:00,ดร.สิริพร แฮนน่า วินเทอร์, อาคาร 12 ชั้น, E12-601, 28/31,2026-03-16, 010,09,28,2026-03-16 09,สิริพร แฮนน่า วินเทอร์
 3, 01006031 CALCULUS 2, 23, 1, 31,09:30:00 - 12:30:00,ดร.สิริพร แฮนน่า วินเทอร์, อาคาร 12 ชั้น, E12-602, 3/31,2026-03-16, 010,09,3,2026-03-16 09,สิริพร แฮนน่า วินเทอร์
 3, 01006031 CALCULUS 2, 27, 1, 42,09:30:00 - 12:30:00,ผศ. ดร.จินดา ไชยช่วย, อาคาร 12 ชั้น, E12-603, 28/43,2026-03-16, 010,09,28,2026-03-16 09,จินดา ไชยช่วย
 3, 01006031 CALCULUS 2, 27, 1, 42,09:30:00 - 12:30:00,ผศ. ดร.จินดา ไชยช่วย, อาคาร 12 ชั้น, E12-605, 15/43,2026-03-16, 010,09,15,2026-03-16 09,จินดา ไชยช่วย
 3, 01006031 CALCULUS 2, 28, 1, 25,09:30:00 - 12:30:00,ผศ. ดร.ใจปอง เกษมสุวรรณ์, อาคาร 12 ชั้น, E12-504, 25/25,2026-03-16, 010,09,25,2026-03-16 09,ใจปอง เกษมสุวรรณ์
 3, 01006031 CALCULUS 2, 29, 1, 28,09:30:00 - 12:30:00,"ผศ.นิจจารีย์ สัตยารักษ์,ผศ. ดร.นัชนัยน์ รุ่งเหมือนฟ้า", อาคาร 12 ชั้น, E12-606, 28/29,2026-03-16, 010,09,28,2026-03-16 09,นิจจารีย์ สัตยารักษ์;นัชนัยน์ รุ่งเหมือนฟ้า
 3, 01006031 CALCULUS 2, 29, 1, 28,09:30:00 - 12:30:00,"ผศ.นิจจารีย์ สัตยารักษ์,ผศ. ดร.นัชนัยน์ รุ่งเหมือนฟ้า", อาคาร 12 ชั้น, E12-607, 1/29,2026-03-16, 010,09,1,2026-03-16 09,นิจจารีย์ สัตยารักษ์;นัชนัยน์ รุ่งเหมือนฟ้า
 3, 01006031 CALCULUS 2, 30, 1, 37,09:30:00 - 12:30:00,"ผศ.นิจจารีย์ สัตยารักษ์,ผศ. ดร.นัชนัยน์ รุ่งเหมือนฟ้า", อาคาร 12 ชั้น, E12-701, 28/38,2026-03-16, 010,09,28,2026-03-16 09,นิจจารีย์ สัตยารักษ์;นัชนัยน์ รุ่งเหมือนฟ้า
 3, 01006031 CALCULUS 2, 30, 1, 37,09:30:00 - 12:30:00,"ผศ.นิจจารีย์ สัตยารักษ์,ผศ. ดร.นัชนัยน์ รุ่งเหมือนฟ้า", อาคาร 12 ชั้น, E12-702, 10/38,2026-03-16, 010,09,10,2026-03-16 09,นิจจารีย์ สัตยารักษ์;นัชนัยน์ รุ่งเหมือนฟ้า
 3, 01006031 CALCULUS 2, 33, 1, 32,09:30:00 - 12:30:00,รศ. ดร.ถาวร เบญจนราสุทธิ์, อาคาร 12 ชั้น, E12-703, 34/34,2026-03-16, 010,09,34,2026-03-16 09,ถาวร เบญจนราสุทธิ์
 3, 01006031 CALCULUS 2, 34, 1, 37,09:30:00 - 12:30:00,"รศ. ดร.ศักดิ์ชัย ทิพย์จักษุรัตน์,ผศ. ดร.อำนาจ ขาวเน", HM, HM-305, 37/37,2026-03-16, 010,09,37,2026-03-16 09,ศักดิ์ชัย ทิพย์จักษุรัตน์;อำนาจ ขาวเน
 3, 01006031 CALCULUS 2, 35, 1, 46,09:30:00 - 12:30:00,"รศ. ดร.ศักดิ์ชัย ทิพย์จักษุรัตน์,ผศ. ดร.อำนาจ ขาวเน", HM, HM-403, 24/46,2026-03-16, 010,09,24,2026-03-16 09,ศักดิ์ชัย ทิพย์จักษุรัตน์;อำนาจ ขาวเน
 3, 01006031 CALCULUS 2, 35, 1, 46,09:30:00 - 12:30:00,"รศ. ดร.ศักดิ์ชัย ทิพย์จักษุรัตน์,ผศ. ดร.อำนาจ ขาวเน", HM, HM-404, 22/46,2026-03-16, 010,09,22,2026-03-16 09,ศักดิ์ชัย ทิพย์จักษุรัตน์;อำนาจ ขาวเน
 3, 01006031 CALCULUS 2, 36, 1, 37,09:30:00 - 12:30:00,"ดร.สุริภณ สมควรพาณิชย์,ผศ. ดร.วีระ เพ็งจันทร์", อาคาร 12 ชั้น, E12-801, 28/38,2026-03-16, 010,09,28,2026-03-16 09,สุริภณ สมควรพาณิชย์;วีระ เพ็งจันทร์
 3, 01006031 CALCULUS 2, 36, 1, 37,09:30:00 - 12:30:00,"ดร.สุริภณ สมควรพาณิชย์,ผศ. ดร.วีระ เพ็งจันทร์", อาคาร 12 ชั้น, E12-802, 10/38,2026-03-16, 010,09,10,2026-03-16 09,สุริภณ สมควรพาณิชย์;วีระ เพ็งจันทร์
,, 37, 1, 39,09:30:00 - 12:30:00,"ดร.สุริภณ สมควรพาณิชย์,ผศ. ดร.วีระ เพ็งจันทร์", อาคาร 12 ชั้น, E12-803, 28/39,2026-03-16,,09,28,2026-03-16 09,สุริภณ สมควรพาณิชย์;วีระ เพ็งจันทร์
,, 37, 1, 39,09:30:00 - 12:30:00,"ดร.สุริภณ สมควรพาณิชย์,ผศ. ดร.วีระ เพ็งจันทร์", อาคาร 12 ชั้น, E12-804, 11/39,2026-03-16,,09,11,2026-03-16 09,สุริภณ สมควรพาณิชย์;วีระ เพ็งจันทร์
,, 38, 1, 15,09:30:00 - 12:30:00,"ดร.สุริภณ สมควรพาณิชย์,รศ. ดร.นภศูล วงษ์วานิช", อาคาร 12 ชั้น, E12-805, 15/15,2026-03-16,,09,15,2026-03-16 09,สุริภณ สมควรพาณิชย์;นภศูล วงษ์วานิช
,, 51, 1, 49,09:30:00 - 12:30:00,อ.สยาม สงวนรัมย์, เครื่องกล, ME-402, 49/49,2026-03-16,,09,49,2026-03-16 09,สยาม สงวนรัมย์
 4, 01006032 ELEMENTARY DIFFERENTIAL EQUATIONS AND LINEAR ALGEBRA, 54, 1, 50,09:30:00 - 12:30:00,ผศ.สองเมือง นันทขว้าง, อาคาร 12 ชั้น, E12-401, 28/50,2026-03-16, 010,09,28,2026-03-16 09,สองเมือง นันทขว้าง
 4, 01006032 ELEMENTARY DIFFERENTIAL EQUATIONS AND LINEAR ALGEBRA, 54, 1, 50,09:30:00 - 12:30:00,ผศ.สองเมือง นันทขว้าง, อาคาร 12 ชั้น, E12-402, 22/50,2026-03-16, 010,09,22,2026-03-16 09,สองเมือง นันทขว้าง
 5, 01006041 MATHEMATICS FOR ELECTRICAL ENGINEERING AND COMPUTING, 1, 1, 41,09:30:00 - 12:30:00,"ผศ. ดร.ภพ จันทร์เจริญสุข,รศ. ดร.ศิริเดช บุญแสง", อาคาร 12 ชั้น, E12-403, 28/41,2026-03-16, 010,09,28,2026-03-16 09,ภพ จันทร์เจริญสุข;ศิริเดช บุญแสง
 5, 01006041 MATHEMATICS FOR ELECTRICAL ENGINEERING AND COMPUTING, 1, 1, 41,09:30:00 - 12:30:00,"ผศ. ดร.ภพ จันทร์เจริญสุข,รศ. ดร.ศิริเดช บุญแสง", อาคาร 12 ชั้น, E12-404, 13/41,2026-03-16, 010,09,13,2026-03-16 09,ภพ จันทร์เจริญสุข;ศิริเดช บุญแสง
 5, 01006041 MATHEMATICS FOR ELECTRICAL ENGINEERING AND COMPUTING, 2, 1, 37,09:30:00 - 12:30:00,รศ. ดร.ชัยยันต์ เจตนาเสน, อาคาร 12 ชั้น, E12-405, 28/37,2026-03-16, 010,09,28,2026-03-16 09,ชัยยันต์ เจตนาเสน
 5, 01006041 MATHEMATICS FOR ELECTRICAL ENGINEERING AND COMPUTING, 2, 1, 37,09:30:00 - 12:30:00,รศ. ดร.ชัยยันต์ เจตนาเสน, อาคาร 12 ชั้น, E12-406, 9/37,2026-03-16, 010,09,9,2026-03-16 09,ชัยยันต์ เจตนาเสน
 5, 01006041 MATHEMATICS FOR ELECTRICAL ENGINEERING AND COMPUTING, 3, 1, 39,09:30:00 - 12:30:00,รศ. ดร.สัณฐิติ อยู่มาก, อาคาร 12 ชั้น, E12-407, 28/39,2026-03-16, 010,09,28,2026-03-16 09,สัณฐิติ อยู่มาก
 5, 01006041 MATHEMATICS FOR ELECTRICAL ENGINEERING AND COMPUTING, 3, 1, 39,09:30:00 - 12:30:00,รศ. ดร.สัณฐิติ อยู่มาก, อาคาร 12 ชั้น, E12-501, 11/39,2026-03-16, 010,09,11,2026-03-16 09,สัณฐิติ อยู่มาก
 5, 01006041 MATHEMATICS FOR ELECTRICAL ENGINEERING AND COMPUTING, 4, 1, 41,09:30:00 - 12:30:00,ดร.วรุตม์ สูอำพัน, อาคาร 12 ชั้น, E12-502, 28/41,2026-03-16, 010,09,28,2026-03-16 09,วรุตม์ สูอำพัน
 5, 01006041 MATHEMATICS FOR ELECTRICAL ENGINEERING AND COMPUTING, 4, 1, 41,09:30:00 - 12:30:00,ดร.วรุตม์ สูอำพัน, อาคาร 12 ชั้น, E12-503, 13/41,2026-03-16, 010,09,13,2026-03-16 09,วรุตม์ สูอำพัน
 6, 01006719 PROBABILITY AND STATISTICS 1, 1, 2, 31,09:30:00 - 12:30:00,รศ. ดร.สิทธิพร พิมพ์สกุล, HM, HM-301, 31/31,2026-03-16, 010,09,31,2026-03-16 09,สิทธิพร พิมพ์สกุล
 6, 01006719 PROBABILITY AND STATISTICS 1, 2, 2, 29,09:30:00 - 12:30:00,รศ. ดร.สิทธิพร พิมพ์สกุล, HM, HM-302, 29/29,2026-03-16, 010,09,29,2026-03-16 09,สิทธิพร พิมพ์สกุล
 6, 01006719 PROBABILITY AND STATISTICS 1, 3, 2, 36,09:30:00 - 12:30:00,รศ. ดร.สิทธิพร พิมพ์สกุล, HM, HM-303, 36/36,2026-03-16, 010,09,36,2026-03-16 09,สิทธิพร พิมพ์สกุล
 7, 01006741 PROBABILITY AND STATISTICS, 91, 1, 49,09:30:00 - 12:30:00,"ดร.พิมพ์ประไพ ไทยเนียม,อาจารย์Divya Sasi Latha", HM, HM-305, 36/49,2026-03-16, 010,09,36,2026-03-16 09,พิมพ์ประไพ ไทยเนียม;Divya Sasi Latha
 7, 01006741 PROBABILITY AND STATISTICS, 91, 1, 49,09:30:00 - 12:30:00,"ดร.พิมพ์ประไพ ไทยเนียม,อาจารย์Divya Sasi Latha", HM, HM-306, 13/49,2026-03-16, 010,09,13,2026-03-16 09,พิมพ์ประไพ ไทยเนียม;Divya Sasi Latha
 8, 01016108 ADVANCED CALCULUS FOR ELECTRICAL ENGINEERING, 5, 1, 44,09:30:00 - 12:30:00,"ผศ. ดร.ตุลยา ลิมปิติ,ผศ. ดร.ณัฐกานต์ พุทธรักษ์", เครื่องกล, ME-401, 35/52,2026-03-16, 010,09,35,2026-03-16 09,ตุลยา ลิมปิติ;ณัฐกานต์ พุทธรักษ์
 8, 01016108 ADVANCED CALCULUS FOR ELECTRICAL ENGINEERING, 5, 1, 44,09:30:00 - 12:30:00,"ผศ. ดร.ตุลยา ลิมปิติ,ผศ. ดร.ณัฐกานต์ พุทธรักษ์", เครื่องกล, ME-408, 17/52,2026-03-16, 010,09,17,2026-03-16 09,ตุลยา ลิมปิติ;ณัฐกานต์ พุทธรักษ์
 8, 01016108 ADVANCED CALCULUS FOR ELECTRICAL ENGINEERING, 6, 1, 32,09:30:00 - 12:30:00,"ผศ. ดร.ตุลยา ลิมปิติ,ผศ. ดร.ณัฐกานต์ พุทธรักษ์", เครื่องกล, ME-303, 35/35,2026-03-16, 010,09,35,2026-03-16 09,ตุลยา ลิมปิติ;ณัฐกานต์ พุทธรักษ์
 9, 01026222 PROBABILITY AND STATISTICS FOR ENGINEERING, 1, 2, 35,09:30:00 - 12:30:00,รศ. ดร.พีรวุฒิ ยุทธโกวิท, อาคาร 12 ชั้น, E12-601, 28/35,2026-03-16, 010,09,28,2026-03-16 09,พีรวุฒิ ยุทธโกวิท
 9, 01026222 PROBABILITY AND STATISTICS FOR ENGINEERING, 1, 2, 35,09:30:00 - 12:30:00,รศ. ดร.พีรวุฒิ ยุทธโกวิท, อาคาร 12 ชั้น, E12-602, 7/35,2026-03-16, 010,09,7,2026-03-16 09,พีรวุฒิ ยุทธโกวิท
 9, 01026222 PROBABILITY AND STATISTICS FOR ENGINEERING, 2, 2, 41,09:30:00 - 12:30:00,ดร.ปุณยวีร์ ฉายศิริ, อาคาร 12 ชั้น, E12-505, 41/41,2026-03-16, 010,09,41,2026-03-16 09,ปุณยวีร์ ฉายศิริ
 9, 01026222 PROBABILITY AND STATISTICS FOR ENGINEERING, 3, 2, 36,09:30:00 - 12:30:00,รศ. ดร.พีรวุฒิ ยุทธโกวิท, อาคาร 12 ชั้น, E12-603, 28/36,2026-03-16, 010,09,28,2026-03-16 09,พีรวุฒิ ยุทธโกวิท
 9, 01026222 PROBABILITY AND STATISTICS FOR ENGINEERING, 3, 2, 36,09:30:00 - 12:30:00,รศ. ดร.พีรวุฒิ ยุทธโกวิท, อาคาร 12 ชั้น, E12-605, 8/36,2026-03-16, 010,09,8,2026-03-16 09,พีรวุฒิ ยุทธโกวิท
 9, 01026222 PROBABILITY AND STATISTICS FOR ENGINEERING, 4, 2, 35,09:30:00 - 12:30:00,ดร.ปุณยวีร์ ฉายศิริ, อาคาร 12 ชั้น, E12-506, 35/35,2026-03-16, 010,09,35,2026-03-16 09,ปุณยวีร์ ฉายศิริ
 10, 01046701 ENGINEERING MATHEMATICS 4, 1, 2, 39,09:30:00 - 12:30:00,ผศ. ดร.เมธา คงพูน, อาคาร 12 ชั้น, E12-606, 28/39,2026-03-16, 010,09,28,2026-03-16 09,เมธา คงพูน
 10, 01046701 ENGINEERING MATHEMATICS 4, 1, 2, 39,09:30:00 - 12:30:00,ผศ. ดร.เมธา คงพูน, อาคาร 12 ชั้น, E12-607, 11/39,2026-03-16, 010,09,11,2026-03-16 09,เมธา คงพูน
 10, 01046701 ENGINEERING MATHEMATICS 4, 2, 2, 49,09:30:00 - 12:30:00,"ผศ. ดร.ยุทธนา คิดใจเดียว,ผศ. ดร.เมธา คงพูน", อาคาร 12 ชั้น, ห้องคอมพิวเตอร์ E12-201, 0/49,2026-03-16, 010,09,0,2026-03-16 09,ยุทธนา คิดใจเดียว;เมธา คงพูน
 11, 01066067 CONTROL SYSTEMS, 3, 2, 42,09:30:00 - 12:30:00,รศ. ดร.พิทยา ปานนิล, อาคาร 12 ชั้น, E12-703, 42/42,2026-03-16, 010,09,42,2026-03-16 09,พิทยา ปานนิล
 12, 01068014 ENGINEERING METROLOGY, 54, 2, 41,09:30:00 - 12:30:00,"ผศ. ดร.สุธรรม สัทธรรมสกุล,อ.สุพจน์ ตุงคเศรวงศ์", อาคาร 12 ชั้น, E12-701, 28/41,2026-03-16, 010,09,28,2026-03-16 09,สุธรรม สัทธรรมสกุล;สุพจน์ ตุงคเศรวงศ์
 12, 01068014 ENGINEERING METROLOGY, 54, 2, 41,09:30:00 - 12:30:00,"ผศ. ดร.สุธรรม สัทธรรมสกุล,อ.สุพจน์ ตุงคเศรวงศ์", อาคาร 12 ชั้น, E12-702, 13/41,2026-03-16, 010,09,13,2026-03-16 09,สุธรรม สัทธรรมสกุล;สุพจน์ ตุงคเศรวงศ์
 13, 01076141 CALCULUS 2, 18, 1, 62,09:30:00 - 12:30:00,"รศ. ดร.ศักดิ์ชัย ทิพย์จักษุรัตน์,ผศ.จิระศักดิ์ สิทธิกร", HM, HM-501, 24/62,2026-03-16, 010,09,24,2026-03-16 09,ศักดิ์ชัย ทิพย์จักษุรัตน์;จิระศักดิ์ สิทธิกร
,, 18, 1, 62,09:30:00 - 12:30:00,"รศ. ดร.ศักดิ์ชัย ทิพย์จักษุรัตน์,ผศ.จิระศักดิ์ สิทธิกร", HM, HM-502, 38/62,2026-03-16,,09,38,2026-03-16 09,ศักดิ์ชัย ทิพย์จักษุรัตน์;จิระศักดิ์ สิทธิกร
,, 19, 1, 47,09:30:00 - 12:30:00,"รศ. ดร.ศักดิ์ชัย ทิพย์จักษุรัตน์,ผศ.จิระศักดิ์ สิทธิกร", HM, HM-405, 24/47,2026-03-16,,09,24,2026-03-16 09,ศักดิ์ชัย ทิพย์จักษุรัตน์;จิระศักดิ์ สิทธิกร
,, 19, 1, 47,09:30:00 - 12:30:00,"รศ. ดร.ศักดิ์ชัย ทิพย์จักษุรัตน์,ผศ.จิระศักดิ์ สิทธิกร", HM, HM-406, 23/47,2026-03-16,,09,23,2026-03-16 09,ศักดิ์ชัย ทิพย์จักษุรัตน์;จิระศักดิ์ สิทธิกร
 14, 01076253 PROBABILITY AND STATISTICS, 1, 2, 64,09:30:00 - 12:30:00,"รศ. ดร.ศักดิ์ชัย ทิพย์จักษุรัตน์,ผศ.จิระศักดิ์ สิทธิกร", HM, HM 601, 40/64,2026-03-16, 010,09,40,2026-03-16 09,ศักดิ์ชัย ทิพย์จักษุรัตน์;จิระศักดิ์ สิทธิกร
 14, 01076253 PROBABILITY AND STATISTICS, 1, 2, 64,09:30:00 - 12:30:00,"รศ. ดร.ศักดิ์ชัย ทิพย์จักษุรัตน์,ผศ.จิระศักดิ์ สิทธิกร", HM, HM-602, 24/64,2026-03-16, 010,09,24,2026-03-16 09,ศักดิ์ชัย ทิพย์จักษุรัตน์;จิระศักดิ์ สิทธิกร
 14, 01076253 PROBABILITY AND STATISTICS, 2, 2, 37,09:30:00 - 12:30:00,"รศ. ดร.ศักดิ์ชัย ทิพย์จักษุรัตน์,ผศ.จิระศักดิ์ สิทธิกร", HM, HM-502, 37/37,2026-03-16, 010,09,37,2026-03-16 09,ศักดิ์ชัย ทิพย์จักษุรัตน์;จิระศักดิ์ สิทธิกร
 15, 01076420 ADVANCED DIGITAL DESIGN USING HDL, 1, 4, 4,09:30:00 - 12:30:00,รศ. ดร.เจริญ วงษ์ชุ่มเย็น, เครื่องกล, ME-214, 4/4,2026-03-16, 010,09,4,2026-03-16 09,เจริญ วงษ์ชุ่มเย็น
 16, 01076641 INTRODUCTION TO MACHINE LEARNING AND DEEP LEARNING, 1, 4, 22,09:30:00 - 12:30:00,ดร.จิรายุ เพชรแหน, เครื่องกล, ME-401, 22/22,2026-03-16, 010,09,22,2026-03-16 09,จิรายุ เพชรแหน
 17, 01217002 CALCULUS 2, 24, 1, 45,09:30:00 - 12:30:00,รศ. ดร.สกนธ์ คล่องบุญจิต, อาคาร 12 ชั้น, E12-801, 28/45,2026-03-16, 012,09,28,2026-03-16 09,สกนธ์ คล่องบุญจิต
 17, 01217002 CALCULUS 2, 24, 1, 45,09:30:00 - 12:30:00,รศ. ดร.สกนธ์ คล่องบุญจิต, อาคาร 12 ชั้น, E12-802, 17/45,2026-03-16, 012,09,17,2026-03-16 09,สกนธ์ คล่องบุญจิต
 17, 01217002 CALCULUS 2, 26, 1, 44,09:30:00 - 12:30:00,รศ. ดร.สกนธ์ คล่องบุญจิต, อาคาร 12 ชั้น, E12-803, 28/44,2026-03-16, 012,09,28,2026-03-16 09,สกนธ์ คล่องบุญจิต
 17, 01217002 CALCULUS 2, 26, 1, 44,09:30:00 - 12:30:00,รศ. ดร.สกนธ์ คล่องบุญจิต, อาคาร 12 ชั้น, E12-804, 16/44,2026-03-16, 012,09,16,2026-03-16 09,สกนธ์ คล่องบุญจิต
 17, 01217002 CALCULUS 2, 31, 1, 22,09:30:00 - 12:30:00,ดร.พงศ์เทพ พ่วงทอง, อาคาร 12 ชั้น, E12-805, 22/22,2026-03-16, 012,09,22,2026-03-16 09,พงศ์เทพ พ่วงทอง
 17, 01217002 CALCULUS 2, 251, 1, 20,09:30:00 - 12:30:00,รศ. ดร.สกนธ์ คล่องบุญจิต, เครื่องกล, ME-210, 20/20,2026-03-16, 012,09,20,2026-03-16 09,สกนธ์ คล่องบุญจิต
 17, 01217002 CALCULUS 2, 252, 1, 23,09:30:00 - 12:30:00,รศ. ดร.สกนธ์ คล่องบุญจิต, เครื่องกล, ME-312, 23/23,2026-03-16, 012,09,23,2026-03-16 09,สกนธ์ คล่องบุญจิต
 18, 01226071 PETROLEUM AND NATURAL GAS TECHNOLOGY, 1, 4, 27,09:30:00 - 12:30:00,รศ. ดร.เกรียงศักดิ์ ไกรวัฒนวงศ์, อาคาร 12 ชั้น, E12-504, 28/28,2026-03-16, 012,09,28,2026-03-16 09,เกรียงศักดิ์ ไกรวัฒนวงศ์
 19, 01306020 ELECTRIC CIRCUITS, 1, 1, 38,09:30:00 - 12:30:00,ผศ. ดร.ธีรพล โพธิ์พงศ์วิวัฒน์, HM, HM-301, 38/38,2026-03-16, 013,09,38,2026-03-16 09,ธีรพล โพธิ์พงศ์วิวัฒน์
 20, 01306203 MECHATRONICS AND EMBEDDED MICROCOMPUTER, 1, 3, 32,09:30:00 - 12:30:00,ผศ. ดร.เปี่ยมภูมิ สฤกพฤกษ์, HM, HM-303, 32/32,2026-03-16, 013,09,32,2026-03-16 09,เปี่ยมภูมิ สฤกพฤกษ์
 21, 01346001 ENGINEERING MATHEMATICS 2, 55, 1, 40,09:30:00 - 12:30:00,"ผศ. ดร.สมเกียรติ ฤกษ์วรัญญู,ผศ. ดร.สิรภพ ตู้ประกาย", เครื่องกล, ME-410, 41/41,2026-03-16, 013,09,41,2026-03-16 09,สมเกียรติ ฤกษ์วรัญญู;สิรภพ ตู้ประกาย
 22, 01356419 INDUSTRIAL WORK STUDY, 1, 2, 18,09:30:00 - 12:30:00,"รศ. ดร.วิภู ศรีสืบสาย,รศ. ดร.จรสวรรณ โกยวานิช", HM, HM-401, 18/18,2026-03-16, 013,09,18,2026-03-16 09,วิภู ศรีสืบสาย;จรสวรรณ โกยวานิช
 23, 01366111 CHEMISTRY FOR CHEMICAL ENGINEERING, 1, 2, 1,09:30:00 - 12:30:00,รศ. ดร.ธีรพร สุธีวงศ์, HM, HM-401, 1/1,2026-03-16, 013,09,1,2026-03-16 09,ธีรพร สุธีวงศ์
 24, 01406108 ADVANCED CALCULUS FOR ELECTRICAL ENGINEERING, 32, 1, 47,09:30:00 - 12:30:00,"ผศ. ดร.ตุลยา ลิมปิติ,ผศ. ดร.ณัฐกานต์ พุทธรักษ์", เครื่องกล, ME-310, 35/51,2026-03-16, 014,09,35,2026-03-16 09,ตุลยา ลิมปิติ;ณัฐกานต์ พุทธรักษ์
 24, 01406108 ADVANCED CALCULUS FOR ELECTRICAL ENGINEERING, 32, 1, 47,09:30:00 - 12:30:00,"ผศ. ดร.ตุลยา ลิมปิติ,ผศ. ดร.ณัฐกานต์ พุทธรักษ์", เครื่องกล, ME-312, 16/51,2026-03-16, 014,09,16,2026-03-16 09,ตุลยา ลิมปิติ;ณัฐกานต์ พุทธรักษ์
 25, 01416621 LEAN MANAGEMENT, 1, 3, 6,09:30:00 - 12:30:00,"ผศ. ดร.รณน เจียรตระกูล,ดร.Nagoor  Basha SHAIK", HM, HM-402, 6/6,2026-03-16, 014,09,6,2026-03-16 09,รณน เจียรตระกูล;Nagoor  Basha SHAIK
 26, 01426001 ENGINEERING STATICS, 14, 1, 39,09:30:00 - 12:30:00,รศ. ดร.สุตาภัทร แคว้นเขาเม็ง, HM, HM-302, 39/39,2026-03-16, 014,09,39,2026-03-16 09,สุตาภัทร แคว้นเขาเม็ง
 27, 01456103 MATHEMATIC FOR ELECTRICAL ENGINEERING 2, 1, 1, 48,09:30:00 - 12:30:00,"รศ. ดร.พีรวุฒิ ยุทธโกวิท,ดร.ปุณยวีร์ ฉายศิริ", เครื่องกล, ME-402, 48/48,2026-03-16, 014,09,48,2026-03-16 09,พีรวุฒิ ยุทธโกวิท;ปุณยวีร์ ฉายศิริ
 28, 01516151 ENERGY MANAGEMENT CONTROL SYSTEMS, 26, 2, 10,09:30:00 - 12:30:00,ผศ. ดร.เปี่ยมภูมิ สฤกพฤกษ์, HM, HM-402, 10/10,2026-03-16, 015,09,10,2026-03-16 09,เปี่ยมภูมิ สฤกพฤกษ์
 29, 01526107 MACHINE LEARNING, 91, 3, 38,09:30:00 - 12:30:00,"ดร.นัทธพงศ์ จึงธีรพานิช,ดร.Nagoor  Basha SHAIK", HM, HM-306, 38/38,2026-03-16, 015,09,38,2026-03-16 09,นัทธพงศ์ จึงธีรพานิช;Nagoor  Basha SHAIK
